{
  "baseline": {
    "test_auc": 0.918,
    "oot_mean": 0.631
  },
  "experiments": {
    "A_SMOTEENN_LightGBM": {
      "test_auc": 0.8160383716750539,
      "test_pr_auc": 0.856870997238891,
      "best_f1": 0.7934782608695652,
      "best_th": 0.1,
      "oot_mean": 0.814895487277768,
      "oot_aucs": [
        0.8078056674981771,
        0.8180777210443846,
        0.8188030732907423
      ]
    },
    "B_XGBoost_spw": {
      "test_auc": 0.8011285346273663,
      "test_pr_auc": 0.8416628184190041,
      "best_f1": 0.8088761632068718,
      "best_th": 0.35,
      "oot_mean": 0.8931508581300186,
      "oot_aucs": [
        0.8696079073280031,
        0.8935892512303396,
        0.9162554158317131
      ]
    },
    "C_Voting_RF_LGBM_CB": {
      "test_auc": 0.8109723220704529,
      "test_pr_auc": 0.8545193840773101,
      "best_f1": 0.8078750848608283,
      "best_th": 0.35,
      "oot_mean": 0.8763815352016882,
      "oot_aucs": [
        0.8572592880999066,
        0.8779791977083241,
        0.8939061197968335
      ]
    },
    "D_FocalLoss_LightGBM": {
      "test_auc": 0.7961972801341961,
      "test_pr_auc": 0.8362702036671933,
      "best_f1": 0.8039735099337748,
      "best_th": 0.25,
      "oot_mean": 0.8781528376702529,
      "oot_aucs": [
        0.8565462317889501,
        0.8792481657105194,
        0.8986641155112891
      ]
    },
    "E_Stacking_LGBM_XGB_CB_LR": {
      "test_auc": 0.8064229870596693,
      "test_pr_auc": 0.8524273710998442,
      "best_f1": 0.8076923076923077,
      "best_th": 0.45000000000000007,
      "oot_mean": 0.8737631986754146,
      "oot_aucs": [
        0.8566750150899709,
        0.8752320911541214,
        0.8893824897821515
      ]
    }
  }
}