{
  "results": {
    "v5_Stacking": {
      "test_auc": 0.8110209980829138,
      "oot_mean": 0.8892710790274932,
      "oot_aucs": [
        0.8717446605327163,
        0.8907315487532473,
        0.905337027796516
      ]
    },
    "XGBoost_spw": {
      "test_auc": 0.8025738377665949,
      "oot_mean": 0.904408445056441,
      "oot_aucs": [
        0.8823842770417026,
        0.9051608705854596,
        0.925680187542161
      ]
    },
    "LightGBM_spw": {
      "test_auc": 0.796320842319674,
      "oot_mean": 0.8939519333082102,
      "oot_aucs": [
        0.8734358368440527,
        0.8948130191597018,
        0.9136069439208763
      ]
    },
    "XGB_LGB_Ensemble": {
      "test_auc": 0.8027236101126287,
      "oot_mean": 0.9030646717085554,
      "oot_aucs": [
        0.8817526057793215,
        0.9039554551679392,
        0.9234859541784056
      ]
    }
  },
  "winner": "XGBoost_spw"
}