{
  "method": "F_Stacking_SMOTEENN",
  "test_auc": 0.8158249460819554,
  "test_pr_auc": 0.8544623965381495,
  "oot_mean": 0.8158373535056344,
  "oot_aucs": [
    0.8099340073048288,
    0.8187427391372364,
    0.8188353140748383
  ]
}