{
  "A_log_LightGBM": {
    "smape": 10.373567615219443,
    "mape": 10.498677731558539
  },
  "B_cal_LightGBM": {
    "smape": 4.85699820543594,
    "mape": 5.050002583818451
  },
  "F_baseline_decay": {
    "smape": 5.82692386868723,
    "mape": 6.116502024278226
  }
}